action_type;activity_comment;activity_id;activity_properties;assay_chembl_id;assay_description;assay_type;assay_variant_accession;assay_variant_mutation;bao_endpoint;bao_format;bao_label;canonical_smiles;data_validity_comment;data_validity_description;document_chembl_id;document_journal;document_year;ligand_efficiency;molecule_chembl_id;molecule_pref_name;parent_molecule_chembl_id;pchembl_value;potential_duplicate;qudt_units;record_id;relation;src_id;standard_flag;standard_relation;standard_text_value;standard_type;standard_units;standard_upper_value;standard_value;target_chembl_id;target_organism;target_pref_name;target_tax_id;text_value;toid;type;units;uo_units;upper_value;value
;;1683044;[];CHEMBL861279;Effect on blockade of Kv11.1 channel;F;;;BAO_0000188;BAO_0000019;assay format;COc1c(C(C)=O)c(O)c(OCc2ccc(Br)cc2)c2occc12;;;CHEMBL1138143;J Med Chem;2006.0;;CHEMBL426482;;CHEMBL426482;5.05;0;http://www.openphacts.org/units/Nanomolar;429243;=;1;1;=;;EC50;nM;;9000.0;CHEMBL240;Homo sapiens;Voltage-gated inwardly rectifying potassium channel KCNH2;9606;;;EC50;uM;UO_0000065;;9.0
;;1683053;[];CHEMBL861279;Effect on blockade of Kv11.1 channel;F;;;BAO_0000188;BAO_0000019;assay format;COc1c(O)c(C(C)=O)c(OCc2ccc(Cl)cc2)c2ccoc12;;;CHEMBL1138143;J Med Chem;2006.0;;CHEMBL382154;;CHEMBL382154;5.30;0;http://www.openphacts.org/units/Nanomolar;429220;=;1;1;=;;EC50;nM;;5000.0;CHEMBL240;Homo sapiens;Voltage-gated inwardly rectifying potassium channel KCNH2;9606;;;EC50;uM;UO_0000065;;5.0
;;1950937;[];CHEMBL895478;Binding affinity to hERG expressed in CHO cells by patch clamp assay;B;;;BAO_0000188;BAO_0000219;cell-based format;Cc1ccc2c(-c3nnc(SCCCN4CCc5ccc(-c6cc(C)on6)cc5CC4)n3C)cccc2n1;;;CHEMBL1148818;J Med Chem;2007.0;{'bei': '13.19', 'le': '0.25', 'lle': '1.03', 'sei': '9.50'};CHEMBL243707;;CHEMBL243707;6.92;0;http://www.openphacts.org/units/Nanomolar;656382;=;1;1;=;;EC50;nM;;120.0;CHEMBL240;Homo sapiens;Voltage-gated inwardly rectifying potassium channel KCNH2;9606;;;EC50;uM;UO_0000065;;0.12
;;2150128;[];CHEMBL937365;Activation of human ERG1 isoform 1 expressed in Xenopus laevis oocytes assessed as shifting of voltage dependence of inactivation towards positive potentials by two electrode voltage clamp technique;B;;;BAO_0000188;BAO_0000219;cell-based format;COc1ccc2nccc(C(=O)CC[C@@H]3CCN(CC#Cc4cc(F)cc(F)c4F)C[C@@H]3C(=O)O)c2c1;;;CHEMBL1147066;Proc Natl Acad Sci U S A;2007.0;{'bei': '9.98', 'le': '0.19', 'lle': '0.40', 'sei': '6.39'};CHEMBL406931;;CHEMBL406931;5.10;0;http://www.openphacts.org/units/Nanomolar;708641;=;1;1;=;;EC50;nM;;8000.0;CHEMBL240;Homo sapiens;Voltage-gated inwardly rectifying potassium channel KCNH2;9606;;;EC50;uM;UO_0000065;;8.0
;;2150129;[];CHEMBL937366;Activation of human ERG1 isoform 1 expressed in Xenopus laevis oocytes assessed as increase in peak tail current magnitude by two electrode voltage clamp technique;B;;;BAO_0000188;BAO_0000219;cell-based format;COc1ccc2nccc(C(=O)CC[C@@H]3CCN(CC#Cc4cc(F)cc(F)c4F)C[C@@H]3C(=O)O)c2c1;;;CHEMBL1147066;Proc Natl Acad Sci U S A;2007.0;{'bei': '9.45', 'le': '0.18', 'lle': '0.12', 'sei': '6.05'};CHEMBL406931;;CHEMBL406931;4.82;0;http://www.openphacts.org/units/Nanomolar;708641;=;1;1;=;;EC50;nM;;15000.0;CHEMBL240;Homo sapiens;Voltage-gated inwardly rectifying potassium channel KCNH2;9606;;;EC50;uM;UO_0000065;;15.0
;;2380652;[];CHEMBL944326;Activity at human ERG expressed in CHO cells by patch-clamp assay;B;;;BAO_0000188;BAO_0000219;cell-based format;CC(=O)N1CCC2(CCN(c3ccc(C(=O)Nc4cc(-c5cccs5)ccc4N)cn3)CC2)C1;;;CHEMBL1152282;Bioorg Med Chem Lett;2008.0;{'bei': '10.50', 'le': '0.20', 'lle': '0.52', 'sei': '5.46'};CHEMBL471414;;CHEMBL471414;5.00;0;http://www.openphacts.org/units/Nanomolar;804720;=;1;1;=;;EC50;nM;;10100.0;CHEMBL240;Homo sapiens;Voltage-gated inwardly rectifying potassium channel KCNH2;9606;;;EC50;nM;UO_0000065;;10100.0
;;2380653;[];CHEMBL944326;Activity at human ERG expressed in CHO cells by patch-clamp assay;B;;;BAO_0000188;BAO_0000219;cell-based format;CC(=O)N1CCC2(CCCN(c3ccc(C(=O)Nc4cc(-c5cccs5)ccc4N)cn3)C2)C1;;;CHEMBL1152282;Bioorg Med Chem Lett;2008.0;{'bei': '10.51', 'le': '0.20', 'lle': '0.52', 'sei': '5.46'};CHEMBL471399;;CHEMBL471399;5.00;0;http://www.openphacts.org/units/Nanomolar;804939;=;1;1;=;;EC50;nM;;10000.0;CHEMBL240;Homo sapiens;Voltage-gated inwardly rectifying potassium channel KCNH2;9606;;;EC50;nM;UO_0000065;;10000.0
;;2380654;[];CHEMBL944326;Activity at human ERG expressed in CHO cells by patch-clamp assay;B;;;BAO_0000188;BAO_0000219;cell-based format;CC(=O)N1CC2(CCN(c3ccc(C(=O)Nc4cc(-c5cccs5)ccc4N)cn3)CC2)C1;;;CHEMBL1152282;Bioorg Med Chem Lett;2008.0;{'bei': '10.82', 'le': '0.21', 'lle': '0.91', 'sei': '5.46'};CHEMBL472443;;CHEMBL472443;5.00;0;http://www.openphacts.org/units/Nanomolar;804938;=;1;1;=;;EC50;nM;;10100.0;CHEMBL240;Homo sapiens;Voltage-gated inwardly rectifying potassium channel KCNH2;9606;;;EC50;nM;UO_0000065;;10100.0
;;2380655;[];CHEMBL944326;Activity at human ERG expressed in CHO cells by patch-clamp assay;B;;;BAO_0000188;BAO_0000219;cell-based format;CC(=O)N1CCC2(CCN(c3ccc(C(=O)Nc4cc(-c5cccs5)ccc4N)cn3)C2)C1;;;CHEMBL1152282;Bioorg Med Chem Lett;2008.0;{'bei': '10.80', 'le': '0.21', 'lle': '0.90', 'sei': '5.45'};CHEMBL472442;;CHEMBL472442;4.99;0;http://www.openphacts.org/units/Nanomolar;804937;=;1;1;=;;EC50;nM;;10300.0;CHEMBL240;Homo sapiens;Voltage-gated inwardly rectifying potassium channel KCNH2;9606;;;EC50;nM;UO_0000065;;10300.0
;;2380656;[];CHEMBL944326;Activity at human ERG expressed in CHO cells by patch-clamp assay;B;;;BAO_0000188;BAO_0000219;cell-based format;Nc1ccc(-c2cccs2)cc1NC(=O)c1ccc(N2CCC3(CCN(CCO)C3)CC2)nc1;;;CHEMBL1152282;Bioorg Med Chem Lett;2008.0;{'bei': '10.86', 'le': '0.21', 'lle': '1.26', 'sei': '5.48'};CHEMBL513250;;CHEMBL513250;5.19;0;http://www.openphacts.org/units/Nanomolar;804807;=;1;1;=;;EC50;nM;;6500.0;CHEMBL240;Homo sapiens;Voltage-gated inwardly rectifying potassium channel KCNH2;9606;;;EC50;nM;UO_0000065;;6500.0
;;2380657;[];CHEMBL944326;Activity at human ERG expressed in CHO cells by patch-clamp assay;B;;;BAO_0000188;BAO_0000219;cell-based format;Nc1ccc(-c2cccs2)cc1NC(=O)c1ccc(N2CCC3(CC2)CCN(c2ncccn2)C3)nc1;;;CHEMBL1152282;Bioorg Med Chem Lett;2008.0;{'bei': '10.70', 'le': '0.20', 'lle': '0.54', 'sei': '5.46'};CHEMBL470798;;CHEMBL470798;5.47;0;http://www.openphacts.org/units/Nanomolar;804723;=;1;1;=;;EC50;nM;;3350.0;CHEMBL240;Homo sapiens;Voltage-gated inwardly rectifying potassium channel KCNH2;9606;;;EC50;nM;UO_0000065;;3350.0
;;2380658;[];CHEMBL944326;Activity at human ERG expressed in CHO cells by patch-clamp assay;B;;;BAO_0000188;BAO_0000219;cell-based format;CS(=O)(=O)N1CCC2(CCN(c3ccc(C(=O)Nc4cc(-c5cccs5)ccc4N)cn3)CC2)C1;;;CHEMBL1152282;Bioorg Med Chem Lett;2008.0;{'bei': '10.71', 'le': '0.21', 'lle': '1.58', 'sei': '5.05'};CHEMBL470582;;CHEMBL470582;5.48;0;http://www.openphacts.org/units/Nanomolar;804722;=;1;1;=;;EC50;nM;;3300.0;CHEMBL240;Homo sapiens;Voltage-gated inwardly rectifying potassium channel KCNH2;9606;;;EC50;nM;UO_0000065;;3300.0
;;2380659;[];CHEMBL944326;Activity at human ERG expressed in CHO cells by patch-clamp assay;B;;;BAO_0000188;BAO_0000219;cell-based format;CCNC(=O)N1CCC2(CCN(c3ccc(C(=O)Nc4cc(-c5cccs5)ccc4N)cn3)CC2)C1;;;CHEMBL1152282;Bioorg Med Chem Lett;2008.0;{'bei': '10.50', 'le': '0.20', 'lle': '0.63', 'sei': '5.12'};CHEMBL470581;;CHEMBL470581;5.30;0;http://www.openphacts.org/units/Nanomolar;804721;=;1;1;=;;EC50;nM;;5000.0;CHEMBL240;Homo sapiens;Voltage-gated inwardly rectifying potassium channel KCNH2;9606;;;EC50;nM;UO_0000065;;5000.0
;;2380660;[];CHEMBL944326;Activity at human ERG expressed in CHO cells by patch-clamp assay;B;;;BAO_0000188;BAO_0000219;cell-based format;Nc1ccc(-c2cccs2)cc1NC(=O)c1ccc(N2CCC3(CCNC3)CC2)nc1;;;CHEMBL1152282;Bioorg Med Chem Lett;2008.0;{'bei': '11.53', 'le': '0.22', 'lle': '0.78', 'sei': '6.00'};CHEMBL513568;;CHEMBL513568;5.00;0;http://www.openphacts.org/units/Nanomolar;804551;=;1;1;=;;EC50;nM;;10000.0;CHEMBL240;Homo sapiens;Voltage-gated inwardly rectifying potassium channel KCNH2;9606;;;EC50;nM;UO_0000065;;10000.0
;;2380672;[];CHEMBL944326;Activity at human ERG expressed in CHO cells by patch-clamp assay;B;;;BAO_0000188;BAO_0000219;cell-based format;Nc1ccc(-c2cccs2)cc1NC(=O)c1ccc(N2CCC3(CCNC3=O)CC2)nc1;;;CHEMBL1152282;Bioorg Med Chem Lett;2008.0;{'bei': '10.60', 'le': '0.20', 'lle': '0.99', 'sei': '4.73'};CHEMBL469514;;CHEMBL469514;4.75;0;http://www.openphacts.org/units/Nanomolar;805024;=;1;1;=;;EC50;nM;;18000.0;CHEMBL240;Homo sapiens;Voltage-gated inwardly rectifying potassium channel KCNH2;9606;;;EC50;nM;UO_0000065;;18000.0
;;2411604;[];CHEMBL976158;Inhibition of human ERG current by whole cell electrophysiology study;B;;;BAO_0000188;BAO_0000357;single protein format;Cc1ccc2c(N3CCN(CCc4ccc5c(c4)NC(=O)CO5)CC3)cccc2n1;;;CHEMBL1153978;Bioorg Med Chem Lett;2009.0;{'bei': '20.12', 'le': '0.37', 'lle': '4.86', 'sei': '14.04'};CHEMBL490417;;CHEMBL490417;8.10;0;http://www.openphacts.org/units/Nanomolar;810253;=;1;1;=;;EC50;nM;;7.943;CHEMBL240;Homo sapiens;Voltage-gated inwardly rectifying potassium channel KCNH2;9606;;;pEC50;;UO_0000065;;8.1
;;2528807;[];CHEMBL1003701;Activity at human ERG by patch clamp assay;B;;;BAO_0000188;BAO_0000019;assay format;Cc1ncsc1C(=O)N(Cc1cc(=O)[nH]c2c(F)cccc12)c1cccc(Cl)c1;;;CHEMBL1138485;J Med Chem;2009.0;{'bei': '11.50', 'le': '0.23', 'lle': '-0.01', 'sei': '7.45'};CHEMBL522771;;CHEMBL522771;4.92;0;http://www.openphacts.org/units/Nanomolar;734644;=;1;1;=;;EC50;nM;;12000.0;CHEMBL240;Homo sapiens;Voltage-gated inwardly rectifying potassium channel KCNH2;9606;;;EC50;uM;UO_0000065;;12.0
;;2528810;[];CHEMBL1003701;Activity at human ERG by patch clamp assay;B;;;BAO_0000188;BAO_0000019;assay format;Cn1cncc1C(=O)N(Cc1cc(=O)[nH]c2c(F)c(F)ccc12)c1cccc(Cl)c1;;;CHEMBL1138485;J Med Chem;2009.0;{'bei': '11.89', 'le': '0.23', 'lle': '1.06', 'sei': '7.18'};CHEMBL491923;;CHEMBL491923;5.10;0;http://www.openphacts.org/units/Nanomolar;735001;=;1;1;=;;EC50;nM;;8000.0;CHEMBL240;Homo sapiens;Voltage-gated inwardly rectifying potassium channel KCNH2;9606;;;EC50;uM;UO_0000065;;8.0
;;12040408;[];CHEMBL2150356;Inhibition of human ERG by patch clamp assay;B;;;BAO_0000188;BAO_0000019;assay format;CC1CCN([C@H](c2ccc(F)cc2)c2ccc([C@@H](C)C(=O)O)cc2-c2ccc(C(F)(F)F)cc2)CC1;;;CHEMBL2146445;ACS Med Chem Lett;2011.0;{'bei': '9.66', 'le': '0.18', 'lle': '-2.70', 'sei': '11.90'};CHEMBL2146750;;CHEMBL2146750;4.82;0;http://www.openphacts.org/units/Nanomolar;1727522;=;1;1;=;;EC50;nM;;15000.0;CHEMBL240;Homo sapiens;Voltage-gated inwardly rectifying potassium channel KCNH2;9606;;;EC50;uM;UO_0000065;;15.0
;;12040409;[];CHEMBL2150356;Inhibition of human ERG by patch clamp assay;B;;;BAO_0000188;BAO_0000019;assay format;CC1CCN([C@@H](c2ccc(F)cc2)c2ccc([C@H](C)C(=O)O)cc2-c2ccc(C(F)(F)F)cc2)CC1;;;CHEMBL2146445;ACS Med Chem Lett;2011.0;{'bei': '10.68', 'le': '0.20', 'lle': '-2.18', 'sei': '13.17'};CHEMBL2146751;;CHEMBL2146751;5.34;0;http://www.openphacts.org/units/Nanomolar;1727523;=;1;1;=;;EC50;nM;;4600.0;CHEMBL240;Homo sapiens;Voltage-gated inwardly rectifying potassium channel KCNH2;9606;;;EC50;uM;UO_0000065;;4.6
;;13925667;[];CHEMBL3123163;Inhibition of human ERG by patch-clamp technique;B;;;BAO_0000188;BAO_0000357;single protein format;Fc1cccc(-c2nc3cnn(Cc4ccc(-c5ccc(C(F)(F)F)cc5C(F)(F)F)nc4)cc-3n2)c1F;;;CHEMBL3120081;J Med Chem;2014.0;{'bei': '9.53', 'le': '0.18', 'lle': '-1.77', 'sei': '9.03'};CHEMBL3121684;;CHEMBL3121684;5.10;0;http://www.openphacts.org/units/Nanomolar;1969686;=;1;1;=;;EC50;nM;;7943.28;CHEMBL240;Homo sapiens;Voltage-gated inwardly rectifying potassium channel KCNH2;9606;;;pEC50;;UO_0000065;;5.1
;;13940698;[];CHEMBL3128589;Binding affinity to human ERG by fluorescence polarization assay;B;;;BAO_0000188;BAO_0000357;single protein format;COc1ccc(CCN2CCC(Nc3nc4ccccc4n3Cc3ccc(F)cc3)CC2)cc1;;;CHEMBL3124886;ACS Med Chem Lett;2014.0;{'bei': '19.02', 'le': '0.35', 'lle': '3.37', 'sei': '20.61'};CHEMBL296419;ASTEMIZOLE;CHEMBL296419;8.72;0;http://www.openphacts.org/units/Nanomolar;1970654;=;1;1;=;;EC50;nM;;1.9;CHEMBL240;Homo sapiens;Voltage-gated inwardly rectifying potassium channel KCNH2;9606;;;EC50;uM;UO_0000065;;0.0019
;;13958379;[];CHEMBL3128678;Inhibition of human ERG by fluorescence-based thallium flux assay;B;;;BAO_0000188;BAO_0000357;single protein format;CCN1CC2CC(C1)N2C(=O)[C@]12C[C@H]1c1cc(OC)ccc1-c1c(C3CCCCC3)c3ccc(C(=O)NS(=O)(=O)N(C)C)cc3n1C2;;;CHEMBL3124792;J Med Chem;2014.0;{'bei': '7.91', 'le': '0.15', 'lle': '0.53', 'sei': '5.01'};CHEMBL3126835;;CHEMBL3126835;5.22;0;http://www.openphacts.org/units/Nanomolar;1972720;=;1;1;=;;EC50;nM;;6000.0;CHEMBL240;Homo sapiens;Voltage-gated inwardly rectifying potassium channel KCNH2;9606;;;EC50;uM;UO_0000065;;6.0
;;13958380;[];CHEMBL3128678;Inhibition of human ERG by fluorescence-based thallium flux assay;B;;;BAO_0000188;BAO_0000357;single protein format;COc1ccc2c(c1)[C@@H]1C[C@]1(C(=O)N1C3CC1CN(C)C3)Cn1c-2c(C2CCCCC2)c2ccc(C(=O)NS(=O)(=O)N(C)C)cc21;;;CHEMBL3124792;J Med Chem;2014.0;{'bei': '7.28', 'le': '0.14', 'lle': '0.40', 'sei': '4.51'};CHEMBL3126834;;CHEMBL3126834;4.70;0;http://www.openphacts.org/units/Nanomolar;1972719;=;1;1;=;;EC50;nM;;20000.0;CHEMBL240;Homo sapiens;Voltage-gated inwardly rectifying potassium channel KCNH2;9606;;;EC50;uM;UO_0000065;;20.0
;;13958381;[];CHEMBL3128678;Inhibition of human ERG by fluorescence-based thallium flux assay;B;;;BAO_0000188;BAO_0000357;single protein format;COc1ccc2c(c1)C1CC1(C(=O)N1C3CNCC1C3)Cn1c-2c(C2CCCCC2)c2ccc(C(=O)NS(=O)(=O)N(C)C)cc21;;;CHEMBL3124792;J Med Chem;2014.0;{'bei': '7.11', 'le': '0.14', 'lle': '0.53', 'sei': '3.98'};CHEMBL3126657;;CHEMBL3126657;4.50;0;http://www.openphacts.org/units/Nanomolar;1972497;=;1;1;=;;EC50;nM;;32000.0;CHEMBL240;Homo sapiens;Voltage-gated inwardly rectifying potassium channel KCNH2;9606;;;EC50;uM;UO_0000065;;32.0
;;15697442;[];CHEMBL3611883;Inhibition of human ERG expressed in CHO cells by patch clamp assay;B;;;BAO_0000188;BAO_0000219;cell-based format;COc1cc(-c2cn([C@H]3CCc4c(F)cccc4N(CC(F)(F)F)C3=O)nn2)ccc1-n1cnc(C)c1;;;CHEMBL3608233;Bioorg Med Chem Lett;2015.0;{'bei': '9.50', 'le': '0.18', 'lle': '0.22', 'sei': '6.26'};CHEMBL3609749;;CHEMBL3609749;4.89;0;http://www.openphacts.org/units/Nanomolar;2498082;=;1;1;=;;EC50;nM;;13000.0;CHEMBL240;Homo sapiens;Voltage-gated inwardly rectifying potassium channel KCNH2;9606;;;EC50;uM;UO_0000065;;13.0
;;15697443;[];CHEMBL3611883;Inhibition of human ERG expressed in CHO cells by patch clamp assay;B;;;BAO_0000188;BAO_0000219;cell-based format;Cc1cn(-c2ccc(-c3cn([C@H]4CCc5c(F)cccc5N(CC(F)(F)F)C4=O)nn3)cc2)cn1;;;CHEMBL3608233;Bioorg Med Chem Lett;2015.0;{'bei': '10.42', 'le': '0.20', 'lle': '0.39', 'sei': '7.33'};CHEMBL3608384;;CHEMBL3608384;5.05;0;http://www.openphacts.org/units/Nanomolar;2496368;=;1;1;=;;EC50;nM;;9000.0;CHEMBL240;Homo sapiens;Voltage-gated inwardly rectifying potassium channel KCNH2;9606;;;EC50;uM;UO_0000065;;9.0
;;15697444;[];CHEMBL3611883;Inhibition of human ERG expressed in CHO cells by patch clamp assay;B;;;BAO_0000188;BAO_0000219;cell-based format;COc1cc(-n2cnc(C)c2)ccc1-c1cn([C@H]2CCc3c(F)cccc3N(CC(F)(F)F)C2=O)nn1;;;CHEMBL3608233;Bioorg Med Chem Lett;2015.0;{'bei': '11.00', 'le': '0.21', 'lle': '0.99', 'sei': '7.25'};CHEMBL3609752;;CHEMBL3609752;5.66;0;http://www.openphacts.org/units/Nanomolar;2498085;=;1;1;=;;EC50;nM;;2200.0;CHEMBL240;Homo sapiens;Voltage-gated inwardly rectifying potassium channel KCNH2;9606;;;EC50;uM;UO_0000065;;2.2
;;15697445;[];CHEMBL3611883;Inhibition of human ERG expressed in CHO cells by patch clamp assay;B;;;BAO_0000188;BAO_0000219;cell-based format;Cc1cn(-c2ccc(-c3cn([C@H]4CCc5c(F)cccc5N(CC(F)(F)F)C4=O)nn3)cc2OCC(F)(F)F)cn1;;;CHEMBL3608233;Bioorg Med Chem Lett;2015.0;{'bei': '10.11', 'le': '0.20', 'lle': '0.29', 'sei': '7.54'};CHEMBL3608385;;CHEMBL3608385;5.89;0;http://www.openphacts.org/units/Nanomolar;2496369;=;1;1;=;;EC50;nM;;1300.0;CHEMBL240;Homo sapiens;Voltage-gated inwardly rectifying potassium channel KCNH2;9606;;;EC50;uM;UO_0000065;;1.3
;;15697447;[];CHEMBL3611883;Inhibition of human ERG expressed in CHO cells by patch clamp assay;B;;;BAO_0000188;BAO_0000219;cell-based format;Cc1cn(-c2ccc(-c3cn([C@H]4CCc5c(F)cccc5N(CC(F)(F)F)C4=O)nn3)c(F)c2)cn1;;;CHEMBL3608233;Bioorg Med Chem Lett;2015.0;{'bei': '10.04', 'le': '0.19', 'lle': '0.25', 'sei': '7.33'};CHEMBL3609754;;CHEMBL3609754;5.05;0;http://www.openphacts.org/units/Nanomolar;2498087;=;1;1;=;;EC50;nM;;9000.0;CHEMBL240;Homo sapiens;Voltage-gated inwardly rectifying potassium channel KCNH2;9606;;;EC50;uM;UO_0000065;;9.0
;;15697448;[];CHEMBL3611883;Inhibition of human ERG expressed in CHO cells by patch clamp assay;B;;;BAO_0000188;BAO_0000219;cell-based format;COc1c(-c2cn([C@H]3CCc4c(F)cccc4N(CC(F)(F)F)C3=O)nn2)ccc(-n2cnc(C)c2)c1F;;;CHEMBL3608233;Bioorg Med Chem Lett;2015.0;{'bei': '9.62', 'le': '0.18', 'lle': '0.31', 'sei': '6.56'};CHEMBL3609755;;CHEMBL3609755;5.12;0;http://www.openphacts.org/units/Nanomolar;2498088;=;1;1;=;;EC50;nM;;7500.0;CHEMBL240;Homo sapiens;Voltage-gated inwardly rectifying potassium channel KCNH2;9606;;;EC50;uM;UO_0000065;;7.5
;;15697449;[];CHEMBL3611883;Inhibition of human ERG expressed in CHO cells by patch clamp assay;B;;;BAO_0000188;BAO_0000219;cell-based format;COc1cc(-c2cn([C@H]3CCc4c(F)cccc4N(CC(F)(F)F)C3=O)nn2)ccc1-n1cnc(C)n1;;;CHEMBL3608233;Bioorg Med Chem Lett;2015.0;{'bei': '9.36', 'le': '0.18', 'lle': '0.76', 'sei': '5.30'};CHEMBL3609759;;CHEMBL3609759;4.82;0;http://www.openphacts.org/units/Nanomolar;2498092;=;1;1;=;;EC50;nM;;15000.0;CHEMBL240;Homo sapiens;Voltage-gated inwardly rectifying potassium channel KCNH2;9606;;;EC50;uM;UO_0000065;;15.0
;;15701991;[];CHEMBL3615016;Inhibition of human ERG assessed as reduction of tail current;B;;;BAO_0000188;BAO_0000357;single protein format;Cc1cccc(CCN2CCC(C(=O)c3ccc(NS(C)(=O)=O)cc3)CC2)n1;;;CHEMBL3611997;Eur J Med Chem;2015.0;{'bei': '18.93', 'le': '0.37', 'lle': '4.70', 'sei': '9.58'};CHEMBL327980;;CHEMBL327980;7.60;0;http://www.openphacts.org/units/Nanomolar;2499505;=;1;1;=;;EC50;nM;;25.0;CHEMBL240;Homo sapiens;Voltage-gated inwardly rectifying potassium channel KCNH2;9606;;;EC50;nmol/L;UO_0000065;;25.0
;;16398130;[];CHEMBL3742791;Induction of dissociation of [3H]-dofetilide from Kv11.1 channel (unknown origin) assessed as dissociation rate expressed in HEK293 cells after 1 hr;B;;;BAO_0000188;BAO_0000219;cell-based format;O=C(COc1ccc(C(=O)c2ccccc2Br)cc1)Nc1cccnc1;;;CHEMBL3739265;Eur J Med Chem;2015.0;{'bei': '11.97', 'le': '0.26', 'lle': '0.83', 'sei': '7.21'};CHEMBL3740963;;CHEMBL3740963;4.92;0;http://www.openphacts.org/units/Nanomolar;2738666;=;1;1;=;;EC50;nM;;12000.0;CHEMBL240;Homo sapiens;Voltage-gated inwardly rectifying potassium channel KCNH2;9606;;;EC50;uM;UO_0000065;;12.0
;;16398131;[];CHEMBL3742791;Induction of dissociation of [3H]-dofetilide from Kv11.1 channel (unknown origin) assessed as dissociation rate expressed in HEK293 cells after 1 hr;B;;;BAO_0000188;BAO_0000219;cell-based format;O=C(COc1ccc(C(=O)c2cc(F)ccc2Br)cc1)Nc1cccnc1;;;CHEMBL3739265;Eur J Med Chem;2015.0;{'bei': '12.43', 'le': '0.27', 'lle': '1.11', 'sei': '7.82'};CHEMBL3742181;;CHEMBL3742181;5.34;0;http://www.openphacts.org/units/Nanomolar;2738676;=;1;1;=;;EC50;nM;;4600.0;CHEMBL240;Homo sapiens;Voltage-gated inwardly rectifying potassium channel KCNH2;9606;;;EC50;uM;UO_0000065;;4.6
;;16778294;[];CHEMBL3865060;Inhibition of human ERG;B;;;BAO_0000188;BAO_0000357;single protein format;CC(C)(C)n1nc(-c2cnc3cc(OC4CC4)ccc3c2)c(C(N)=O)c1N;;;CHEMBL3864161;Bioorg Med Chem Lett;2016.0;{'bei': '12.70', 'le': '0.23', 'lle': '1.56', 'sei': '4.26'};CHEMBL3770313;;CHEMBL3770313;4.64;0;http://www.openphacts.org/units/Nanomolar;2805004;=;1;1;=;;EC50;nM;;22800.0;CHEMBL240;Homo sapiens;Voltage-gated inwardly rectifying potassium channel KCNH2;9606;;;EC50;uM;UO_0000065;;22.8
;;16778296;[];CHEMBL3865060;Inhibition of human ERG;B;;;BAO_0000188;BAO_0000357;single protein format;CCOc1ccc2cc(-c3nn(C(C)C)c(N)c3C(N)=O)cnc2c1;;;CHEMBL3864161;Bioorg Med Chem Lett;2016.0;{'bei': '13.92', 'le': '0.26', 'lle': '1.97', 'sei': '4.33'};CHEMBL3770409;;CHEMBL3770409;4.73;0;http://www.openphacts.org/units/Nanomolar;2804993;=;1;1;=;;EC50;nM;;18800.0;CHEMBL240;Homo sapiens;Voltage-gated inwardly rectifying potassium channel KCNH2;9606;;;EC50;uM;UO_0000065;;18.8
;;16778298;[];CHEMBL3865060;Inhibition of human ERG;B;;;BAO_0000188;BAO_0000357;single protein format;CCOc1ccc2cc(-c3nn(C4CCCCC4)c(N)c3C(N)=O)ccc2n1;;;CHEMBL3864161;Bioorg Med Chem Lett;2016.0;{'bei': '12.78', 'le': '0.24', 'lle': '1.17', 'sei': '4.45'};CHEMBL3770802;;CHEMBL3770802;4.85;0;http://www.openphacts.org/units/Nanomolar;2804989;=;1;1;=;;EC50;nM;;14100.0;CHEMBL240;Homo sapiens;Voltage-gated inwardly rectifying potassium channel KCNH2;9606;;;EC50;uM;UO_0000065;;14.1
;;16859468;[];CHEMBL3879968;Inhibition of human ERG;B;;;BAO_0000188;BAO_0000357;single protein format;O=c1ccc2c(OCCCCOc3ccccc3)c3ccoc3cc2o1;;;CHEMBL3879885;;2006.0;{'bei': '15.13', 'le': '0.28', 'lle': '0.52', 'sei': '8.58'};CHEMBL444449;;CHEMBL444449;5.30;0;http://www.openphacts.org/units/Nanomolar;2819814;=;38;1;=;;EC50;nM;;5000.0;CHEMBL240;Homo sapiens;Voltage-gated inwardly rectifying potassium channel KCNH2;9606;;;EC50;uM;UO_0000065;;5.0
;;18059582;[];CHEMBL4012911;Inhibition of human ERG;B;;;BAO_0000188;BAO_0000357;single protein format;Cn1cnc(C(=O)N2CCN(C(=O)c3ccc(Nc4nc5ccccc5n5nnnc45)cc3)CC2)c1;;;CHEMBL4011625;J Med Chem;2017.0;{'bei': '9.12', 'le': '0.17', 'lle': '2.65', 'sei': '3.48'};CHEMBL4060134;;CHEMBL4060134;4.40;0;http://www.openphacts.org/units/Nanomolar;2993245;=;1;1;=;;EC50;nM;;39810.72;CHEMBL240;Homo sapiens;Voltage-gated inwardly rectifying potassium channel KCNH2;9606;;;pEC50;;UO_0000065;;4.4
;;19095017;[];CHEMBL4367272;Inhibition of human ERG;B;;;BAO_0000188;BAO_0000357;single protein format;OC(CC1c2c(F)cccc2-c2cncn21)C1CCCCC1;;;CHEMBL4364294;J Med Chem;2019.0;{'bei': '15.44', 'le': '0.29', 'lle': '0.72', 'sei': '12.19'};CHEMBL3753837;;CHEMBL3753837;4.64;0;http://www.openphacts.org/units/Nanomolar;3185519;=;1;1;=;;EC50;nM;;23000.0;CHEMBL240;Homo sapiens;Voltage-gated inwardly rectifying potassium channel KCNH2;9606;;;EC50;uM;UO_0000065;;23.0
;;19095018;[];CHEMBL4367272;Inhibition of human ERG;B;;;BAO_0000188;BAO_0000357;single protein format;OC(CC1c2ccccc2-c2cncn21)C1CCC(F)(F)CC1;;;CHEMBL4364294;J Med Chem;2019.0;{'bei': '15.33', 'le': '0.29', 'lle': '0.85', 'sei': '12.82'};CHEMBL4570289;;CHEMBL4570289;4.88;0;http://www.openphacts.org/units/Nanomolar;3185525;=;1;1;=;;EC50;nM;;13200.0;CHEMBL240;Homo sapiens;Voltage-gated inwardly rectifying potassium channel KCNH2;9606;;;EC50;uM;UO_0000065;;13.2
;;19095021;[];CHEMBL4367272;Inhibition of human ERG;B;;;BAO_0000188;BAO_0000357;single protein format;O=C1CCC(C(O)CC2c3c(F)cccc3-c3cncn32)CC1;;;CHEMBL4364294;J Med Chem;2019.0;{'bei': '13.32', 'le': '0.25', 'lle': '1.09', 'sei': '7.60'};CHEMBL4543526;;CHEMBL4543526;4.19;0;http://www.openphacts.org/units/Nanomolar;3185528;=;1;1;=;;EC50;nM;;65000.0;CHEMBL240;Homo sapiens;Voltage-gated inwardly rectifying potassium channel KCNH2;9606;;;EC50;uM;UO_0000065;;65.0
;;19095022;[];CHEMBL4367272;Inhibition of human ERG;B;;;BAO_0000188;BAO_0000357;single protein format;O=C(N[C@H]1CC[C@H](C(O)CC2c3ccccc3-c3cncn32)CC1)c1ccccc1;;;CHEMBL4364294;J Med Chem;2019.0;{'bei': '11.26', 'le': '0.21', 'lle': '0.33', 'sei': '6.74'};CHEMBL4450473;;CHEMBL4450473;4.52;0;http://www.openphacts.org/units/Nanomolar;3185529;=;1;1;=;;EC50;nM;;30000.0;CHEMBL240;Homo sapiens;Voltage-gated inwardly rectifying potassium channel KCNH2;9606;;;EC50;uM;UO_0000065;;30.0
;;19095023;[];CHEMBL4367272;Inhibition of human ERG;B;;;BAO_0000188;BAO_0000357;single protein format;O=C(N[C@H]1CC[C@@H](C(O)CC2c3ccccc3-c3cncn32)CC1)c1ccccc1;;;CHEMBL4364294;J Med Chem;2019.0;{'bei': '11.94', 'le': '0.22', 'lle': '0.61', 'sei': '7.14'};CHEMBL4550278;;CHEMBL4550278;4.80;0;http://www.openphacts.org/units/Nanomolar;3185530;=;1;1;=;;EC50;nM;;16000.0;CHEMBL240;Homo sapiens;Voltage-gated inwardly rectifying potassium channel KCNH2;9606;;;EC50;uM;UO_0000065;;16.0
;;19095024;[];CHEMBL4367272;Inhibition of human ERG;B;;;BAO_0000188;BAO_0000357;single protein format;OC1CCC(C(O)CC2c3c(F)cccc3-c3cncn32)CC1;;;CHEMBL4364294;J Med Chem;2019.0;{'bei': '14.12', 'le': '0.27', 'lle': '1.58', 'sei': '7.67'};CHEMBL4517185;;CHEMBL4517185;4.47;0;http://www.openphacts.org/units/Nanomolar;3185531;=;1;1;=;;EC50;nM;;34000.0;CHEMBL240;Homo sapiens;Voltage-gated inwardly rectifying potassium channel KCNH2;9606;;;EC50;uM;UO_0000065;;34.0
;;19095033;[];CHEMBL4367272;Inhibition of human ERG;B;;;BAO_0000188;BAO_0000357;single protein format;O[C@H](C[C@H]1c2c(F)cccc2-c2cncn21)[C@H]1CC[C@H](O)CC1;;;CHEMBL4364294;J Med Chem;2019.0;{'bei': '13.11', 'le': '0.25', 'lle': '1.26', 'sei': '7.12'};CHEMBL3989951;NAVOXIMOD;CHEMBL3989951;4.15;0;http://www.openphacts.org/units/Nanomolar;3185540;=;1;1;=;;EC50;nM;;71000.0;CHEMBL240;Homo sapiens;Voltage-gated inwardly rectifying potassium channel KCNH2;9606;;;EC50;uM;UO_0000065;;71.0
;;19113332;[];CHEMBL4370899;Activation of human ERG;B;;;BAO_0000188;BAO_0000357;single protein format;OCc1cccc(-c2ccc3nc(-c4ccc(Cl)cc4)cn3c2)c1;;;CHEMBL4368940;Bioorg Med Chem Lett;2019.0;{'bei': '18.06', 'le': '0.34', 'lle': '1.24', 'sei': '16.11'};CHEMBL4576867;;CHEMBL4576867;6.05;0;http://www.openphacts.org/units/Nanomolar;3189228;=;1;1;=;;EC50;nM;;900.0;CHEMBL240;Homo sapiens;Voltage-gated inwardly rectifying potassium channel KCNH2;9606;;;EC50;uM;UO_0000065;;0.9
;;20608146;[];CHEMBL4605419;Inhibition of human ERG by patch clamp assay;B;;;BAO_0000188;BAO_0000019;assay format;Cc1cc(Nc2ccc(S(F)(F)(F)(F)F)cc2)n2nc(C(C)(F)F)nc2n1;;;CHEMBL4602703;J Med Chem;2020.0;{'bei': '13.95', 'le': '0.29', 'lle': '-0.15', 'sei': '10.52'};CHEMBL1956285;DSM-265;CHEMBL1956285;5.80;0;http://www.openphacts.org/units/Nanomolar;3466768;=;1;1;=;;EC50;nM;;1600.0;CHEMBL240;Homo sapiens;Voltage-gated inwardly rectifying potassium channel KCNH2;9606;;;EC50;uM;UO_0000065;;1.6
;;20608147;[];CHEMBL4605420;Inhibition of human ERG by IonWorks patch clamp electrophysiology assay;B;;;BAO_0000188;BAO_0000019;assay format;Cc1cc(Nc2ccc(S(F)(F)(F)(F)F)cc2)n2nc(C(C)(F)F)nc2n1;;;CHEMBL4602703;J Med Chem;2020.0;{'bei': '12.41', 'le': '0.26', 'lle': '-0.80', 'sei': '9.35'};CHEMBL1956285;DSM-265;CHEMBL1956285;5.16;0;http://www.openphacts.org/units/Nanomolar;3466768;=;1;1;=;;EC50;nM;;7000.0;CHEMBL240;Homo sapiens;Voltage-gated inwardly rectifying potassium channel KCNH2;9606;;;EC50;uM;UO_0000065;;7.0
{'action_type': 'INHIBITOR', 'description': 'Negatively effects (inhibits) the normal functioning of the protein e.g., prevention of enzymatic reaction or activation of downstream pathway', 'parent_type': 'NEGATIVE MODULATOR'};;22904597;[];CHEMBL4732703;Inhibition of fluorescently labelled tracer binding to human ERG by competitive binding assay;B;;;BAO_0000188;BAO_0000357;single protein format;COc1nc2ccc(Br)cc2cc1[C@@H](c1ccccc1)[C@@](O)(CCN(C)C)c1cccc2ccccc12;;;CHEMBL4732038;RSC Med Chem;2021.0;{'bei': '8.68', 'le': '0.18', 'lle': '-2.31', 'sei': '10.58'};CHEMBL376488;BEDAQUILINE;CHEMBL376488;4.82;0;http://www.openphacts.org/units/Nanomolar;3555671;=;1;1;=;;EC50;nM;;15000.0;CHEMBL240;Homo sapiens;Voltage-gated inwardly rectifying potassium channel KCNH2;9606;;;EC50;uM;UO_0000065;;15.0
{'action_type': 'INHIBITOR', 'description': 'Negatively effects (inhibits) the normal functioning of the protein e.g., prevention of enzymatic reaction or activation of downstream pathway', 'parent_type': 'NEGATIVE MODULATOR'};;22904598;[];CHEMBL4732703;Inhibition of fluorescently labelled tracer binding to human ERG by competitive binding assay;B;;;BAO_0000188;BAO_0000357;single protein format;COc1nc(OC)c([C@@H](c2ccccc2)[C@@](O)(CCN(C)C)c2cccc3ccccc23)cc1-c1ccc(C#N)cc1;;;CHEMBL4732038;RSC Med Chem;2021.0;{'bei': '10.43', 'le': '0.19', 'lle': '-0.94', 'sei': '7.40'};CHEMBL4792742;;CHEMBL4792742;5.82;0;http://www.openphacts.org/units/Nanomolar;3555668;=;1;1;=;;EC50;nM;;1520.0;CHEMBL240;Homo sapiens;Voltage-gated inwardly rectifying potassium channel KCNH2;9606;;;EC50;uM;UO_0000065;;1.52
{'action_type': 'INHIBITOR', 'description': 'Negatively effects (inhibits) the normal functioning of the protein e.g., prevention of enzymatic reaction or activation of downstream pathway', 'parent_type': 'NEGATIVE MODULATOR'};;23143227;[];CHEMBL4808721;Inhibition of full length human ERG expressed in CHO cells by patch-clamp method;B;;;BAO_0000188;BAO_0000219;cell-based format;CC(=O)N1CCC(c2ccc(-c3cc(C(=O)O)cc4cc(-c5ccc(C(F)(F)F)cc5)ccc34)cc2)CC1;;;CHEMBL4808172;J Med Chem;2021.0;{'bei': '9.27', 'le': '0.17', 'lle': '-2.82', 'sei': '8.32'};CHEMBL4642592;;CHEMBL4642592;4.80;0;http://www.openphacts.org/units/Nanomolar;3597113;=;1;1;=;;EC50;nM;;16000.0;CHEMBL240;Homo sapiens;Voltage-gated inwardly rectifying potassium channel KCNH2;9606;;;EC50;uM;UO_0000065;;16.0
{'action_type': 'ANTAGONIST', 'description': 'Binds to a receptor and prevents activation by an agonist through competing for the binding site', 'parent_type': 'NEGATIVE MODULATOR'};;23152218;[];CHEMBL4810712;Antagonist activity at human ERG;B;;;BAO_0000188;BAO_0000357;single protein format;O=C(Cc1ccc(Cl)c(Cl)c1)N1CCN(c2ccc3nncn3n2)CC1;;;CHEMBL4808226;J Med Chem;2021.0;{'bei': '13.07', 'le': '0.27', 'lle': '2.79', 'sei': '7.67'};CHEMBL4850904;;CHEMBL4850904;5.11;0;http://www.openphacts.org/units/Nanomolar;3598809;=;1;1;=;;EC50;nM;;7700.0;CHEMBL240;Homo sapiens;Voltage-gated inwardly rectifying potassium channel KCNH2;9606;;;EC50;uM;UO_0000065;;7.7
{'action_type': 'INHIBITOR', 'description': 'Negatively effects (inhibits) the normal functioning of the protein e.g., prevention of enzymatic reaction or activation of downstream pathway', 'parent_type': 'NEGATIVE MODULATOR'};;23292045;[];CHEMBL4839718;Inhibition of human ERG expressed in CHO cells measured by Patch-clamp assay;B;;;BAO_0000188;BAO_0000219;cell-based format;C[C@H](CCc1ccc(Cl)c(Cl)c1)NCc1ccc(C(F)(F)F)cc1;;;CHEMBL4837254;ACS Med Chem Lett;2021.0;{'bei': '14.24', 'le': '0.30', 'lle': '-0.76', 'sei': '44.53'};CHEMBL4848550;;CHEMBL4848550;5.36;0;http://www.openphacts.org/units/Nanomolar;3624378;=;1;1;=;;EC50;nM;;4400.0;CHEMBL240;Homo sapiens;Voltage-gated inwardly rectifying potassium channel KCNH2;9606;;;EC50;uM;UO_0000065;;4.4
{'action_type': 'INHIBITOR', 'description': 'Negatively effects (inhibits) the normal functioning of the protein e.g., prevention of enzymatic reaction or activation of downstream pathway', 'parent_type': 'NEGATIVE MODULATOR'};;23292046;[];CHEMBL4839718;Inhibition of human ERG expressed in CHO cells measured by Patch-clamp assay;B;;;BAO_0000188;BAO_0000219;cell-based format;C[C@@H](CCc1ccc(Cl)c(Cl)c1)NCc1ccc(C(F)(F)F)cc1;;;CHEMBL4837254;ACS Med Chem Lett;2021.0;{'bei': '15.84', 'le': '0.34', 'lle': '-0.16', 'sei': '49.53'};CHEMBL4869437;;CHEMBL4869437;5.96;0;http://www.openphacts.org/units/Nanomolar;3624379;=;1;1;=;;EC50;nM;;1100.0;CHEMBL240;Homo sapiens;Voltage-gated inwardly rectifying potassium channel KCNH2;9606;;;EC50;uM;UO_0000065;;1.1
{'action_type': 'INHIBITOR', 'description': 'Negatively effects (inhibits) the normal functioning of the protein e.g., prevention of enzymatic reaction or activation of downstream pathway', 'parent_type': 'NEGATIVE MODULATOR'};;23292047;[];CHEMBL4839718;Inhibition of human ERG expressed in CHO cells measured by Patch-clamp assay;B;;;BAO_0000188;BAO_0000219;cell-based format;C[C@H](CCc1ccc(Cl)cc1)NCc1ccc(C(F)(F)F)cc1;;;CHEMBL4837254;ACS Med Chem Lett;2021.0;{'bei': '17.87', 'le': '0.36', 'lle': '0.64', 'sei': '50.77'};CHEMBL4863873;;CHEMBL4863873;6.11;0;http://www.openphacts.org/units/Nanomolar;3624380;=;1;1;=;;EC50;nM;;780.0;CHEMBL240;Homo sapiens;Voltage-gated inwardly rectifying potassium channel KCNH2;9606;;;EC50;uM;UO_0000065;;0.78
{'action_type': 'INHIBITOR', 'description': 'Negatively effects (inhibits) the normal functioning of the protein e.g., prevention of enzymatic reaction or activation of downstream pathway', 'parent_type': 'NEGATIVE MODULATOR'};;23292048;[];CHEMBL4839718;Inhibition of human ERG expressed in CHO cells measured by Patch-clamp assay;B;;;BAO_0000188;BAO_0000219;cell-based format;COc1cc2c(cc1OC)CN([C@H](C)CCc1ccc(Cl)c(Cl)c1)C2;;;CHEMBL4837254;ACS Med Chem Lett;2021.0;{'bei': '17.19', 'le': '0.36', 'lle': '1.19', 'sei': '30.13'};CHEMBL4853196;;CHEMBL4853196;6.54;0;http://www.openphacts.org/units/Nanomolar;3624381;=;1;1;=;;EC50;nM;;290.0;CHEMBL240;Homo sapiens;Voltage-gated inwardly rectifying potassium channel KCNH2;9606;;;EC50;uM;UO_0000065;;0.29
{'action_type': 'INHIBITOR', 'description': 'Negatively effects (inhibits) the normal functioning of the protein e.g., prevention of enzymatic reaction or activation of downstream pathway', 'parent_type': 'NEGATIVE MODULATOR'};;23292049;[];CHEMBL4839718;Inhibition of human ERG expressed in CHO cells measured by Patch-clamp assay;B;;;BAO_0000188;BAO_0000219;cell-based format;COc1cc(CC[C@@H](C)N2Cc3cccc(F)c3C2)ccc1O;;;CHEMBL4837254;ACS Med Chem Lett;2021.0;{'bei': '16.34', 'le': '0.31', 'lle': '1.27', 'sei': '15.76'};CHEMBL4876663;;CHEMBL4876663;5.16;0;http://www.openphacts.org/units/Nanomolar;3624382;=;1;1;=;;EC50;nM;;7000.0;CHEMBL240;Homo sapiens;Voltage-gated inwardly rectifying potassium channel KCNH2;9606;;;EC50;uM;UO_0000065;;7.0
{'action_type': 'INHIBITOR', 'description': 'Negatively effects (inhibits) the normal functioning of the protein e.g., prevention of enzymatic reaction or activation of downstream pathway', 'parent_type': 'NEGATIVE MODULATOR'};;23292050;[];CHEMBL4839718;Inhibition of human ERG expressed in CHO cells measured by Patch-clamp assay;B;;;BAO_0000188;BAO_0000219;cell-based format;CC(C)Oc1cc(CCC(C)(C)N2Cc3cccc(F)c3C2)ccc1O;;;CHEMBL4837254;ACS Med Chem Lett;2021.0;{'bei': '14.04', 'le': '0.26', 'lle': '-0.03', 'sei': '15.34'};CHEMBL4867297;;CHEMBL4867297;5.02;0;http://www.openphacts.org/units/Nanomolar;3624383;=;1;1;=;;EC50;nM;;9600.0;CHEMBL240;Homo sapiens;Voltage-gated inwardly rectifying potassium channel KCNH2;9606;;;EC50;uM;UO_0000065;;9.6
{'action_type': 'INHIBITOR', 'description': 'Negatively effects (inhibits) the normal functioning of the protein e.g., prevention of enzymatic reaction or activation of downstream pathway', 'parent_type': 'NEGATIVE MODULATOR'};;23292051;[];CHEMBL4839718;Inhibition of human ERG expressed in CHO cells measured by Patch-clamp assay;B;;;BAO_0000188;BAO_0000219;cell-based format;CC(C)(C)Oc1cc(CCC(C)(C)N2Cc3ccc(S(C)(=O)=O)cc3C2)ccc1O;;;CHEMBL4837254;ACS Med Chem Lett;2021.0;{'bei': '10.62', 'le': '0.21', 'lle': '-0.11', 'sei': '6.86'};CHEMBL4846092;;CHEMBL4846092;4.58;0;http://www.openphacts.org/units/Nanomolar;3624384;=;1;1;=;;EC50;nM;;26000.0;CHEMBL240;Homo sapiens;Voltage-gated inwardly rectifying potassium channel KCNH2;9606;;;EC50;uM;UO_0000065;;26.0
{'action_type': 'INHIBITOR', 'description': 'Negatively effects (inhibits) the normal functioning of the protein e.g., prevention of enzymatic reaction or activation of downstream pathway', 'parent_type': 'NEGATIVE MODULATOR'};;24366882;[];CHEMBL5036235;Inhibition of human ERG;B;;;BAO_0000188;BAO_0000357;single protein format;Cc1cnc2c(-c3ccc(C(=O)N(c4ncccc4C)[C@@H]4CCCNC4)cc3F)cnn2c1;;;CHEMBL5034046;ACS Med Chem Lett;2022.0;{'bei': '11.01', 'le': '0.20', 'lle': '0.95', 'sei': '6.49'};CHEMBL5088467;;CHEMBL5088467;4.90;0;http://www.openphacts.org/units/Nanomolar;3775768;=;1;1;=;;EC50;nM;;12700.0;CHEMBL240;Homo sapiens;Voltage-gated inwardly rectifying potassium channel KCNH2;9606;;;EC50;uM;UO_0000065;;12.7
