action_type;activity_comment;activity_id;activity_properties;assay_chembl_id;assay_description;assay_type;assay_variant_accession;assay_variant_mutation;bao_endpoint;bao_format;bao_label;canonical_smiles;data_validity_comment;data_validity_description;document_chembl_id;document_journal;document_year;ligand_efficiency;molecule_chembl_id;molecule_pref_name;parent_molecule_chembl_id;pchembl_value;potential_duplicate;qudt_units;record_id;relation;src_id;standard_flag;standard_relation;standard_text_value;standard_type;standard_units;standard_upper_value;standard_value;target_chembl_id;target_organism;target_pref_name;target_tax_id;text_value;toid;type;units;uo_units;upper_value;value
;;2609305;[];CHEMBL1011674;Inhibition of human ERG Y652A mutant expressed in HEK293 cells by whole cell patch clamp method;B;Q12809;Y652A;BAO_0000190;BAO_0000219;cell-based format;COc1cc(N)c(Cl)cc1C(=O)NC1CCN(CCCOc2ccc(F)cc2)CC1OC;;;CHEMBL1152811;J Med Chem;2009.0;{'bei': '11.95', 'le': '0.24', 'lle': '2.21', 'sei': '6.47'};CHEMBL1729;CISAPRIDE;CHEMBL1729;5.57;0;http://www.openphacts.org/units/Nanomolar;732421;=;1;1;=;;IC50;nM;;2690.0;CHEMBL240;Homo sapiens;Voltage-gated inwardly rectifying potassium channel KCNH2;9606;;;IC50;uM;UO_0000065;;2.69
;;2609307;[];CHEMBL1011676;Inhibition of human ERG F656A mutant expressed in HEK293 cells by whole cell patch clamp method;B;Q12809;F656A;BAO_0000190;BAO_0000219;cell-based format;COc1cc(N)c(Cl)cc1C(=O)NC1CCN(CCCOc2ccc(F)cc2)CC1OC;;;CHEMBL1152811;J Med Chem;2009.0;{'bei': '12.38', 'le': '0.25', 'lle': '2.41', 'sei': '6.70'};CHEMBL1729;CISAPRIDE;CHEMBL1729;5.77;0;http://www.openphacts.org/units/Nanomolar;732421;=;1;1;=;;IC50;nM;;1710.0;CHEMBL240;Homo sapiens;Voltage-gated inwardly rectifying potassium channel KCNH2;9606;;;IC50;uM;UO_0000065;;1.71
;;2609311;[];CHEMBL1011674;Inhibition of human ERG Y652A mutant expressed in HEK293 cells by whole cell patch clamp method;B;Q12809;Y652A;BAO_0000190;BAO_0000219;cell-based format;Cc1cccc(CCN2CCC(C(=O)c3ccc(NS(C)(=O)=O)cc3)CC2)n1.Cl.Cl;;;CHEMBL1152811;J Med Chem;2009.0;{'bei': '12.87', 'le': '0.25', 'lle': '2.27', 'sei': '6.51'};CHEMBL536480;;CHEMBL327980;5.17;0;http://www.openphacts.org/units/Nanomolar;732423;=;1;1;=;;IC50;nM;;6780.0;CHEMBL240;Homo sapiens;Voltage-gated inwardly rectifying potassium channel KCNH2;9606;;;IC50;uM;UO_0000065;;6.78
;;2609312;[];CHEMBL1011674;Inhibition of human ERG Y652A mutant expressed in HEK293 cells by whole cell patch clamp method;B;Q12809;Y652A;BAO_0000190;BAO_0000219;cell-based format;CC(C)(C)c1ccc(C(O)CCCN2CCC(C(O)(c3ccccc3)c3ccccc3)CC2)cc1;;;CHEMBL1152811;J Med Chem;2009.0;{'bei': '13.69', 'le': '0.25', 'lle': '0.01', 'sei': '14.77'};CHEMBL17157;TERFENADINE;CHEMBL17157;6.46;0;http://www.openphacts.org/units/Nanomolar;732422;=;1;1;=;;IC50;nM;;350.0;CHEMBL240;Homo sapiens;Voltage-gated inwardly rectifying potassium channel KCNH2;9606;;;IC50;uM;UO_0000065;;0.35
;;2609315;[];CHEMBL1011676;Inhibition of human ERG F656A mutant expressed in HEK293 cells by whole cell patch clamp method;B;Q12809;F656A;BAO_0000190;BAO_0000219;cell-based format;Cc1cccc(CCN2CCC(C(=O)c3ccc(NS(C)(=O)=O)cc3)CC2)n1.Cl.Cl;;;CHEMBL1152811;J Med Chem;2009.0;{'bei': '13.77', 'le': '0.27', 'lle': '2.63', 'sei': '6.97'};CHEMBL536480;;CHEMBL327980;5.53;0;http://www.openphacts.org/units/Nanomolar;732423;=;1;1;=;;IC50;nM;;2950.0;CHEMBL240;Homo sapiens;Voltage-gated inwardly rectifying potassium channel KCNH2;9606;;;IC50;uM;UO_0000065;;2.95
;;2609316;[];CHEMBL1011676;Inhibition of human ERG F656A mutant expressed in HEK293 cells by whole cell patch clamp method;B;Q12809;F656A;BAO_0000190;BAO_0000219;cell-based format;CC(C)(C)c1ccc(C(O)CCCN2CCC(C(O)(c3ccccc3)c3ccccc3)CC2)cc1;;;CHEMBL1152811;J Med Chem;2009.0;{'bei': '12.76', 'le': '0.23', 'lle': '-0.43', 'sei': '13.77'};CHEMBL17157;TERFENADINE;CHEMBL17157;6.02;0;http://www.openphacts.org/units/Nanomolar;732422;=;1;1;=;;IC50;nM;;960.0;CHEMBL240;Homo sapiens;Voltage-gated inwardly rectifying potassium channel KCNH2;9606;;;IC50;uM;UO_0000065;;0.96
;;2609317;[];CHEMBL1011677;Inhibition of human ERG S624A mutant expressed in HEK293 cells by whole cell patch clamp method;B;Q12809;S624A;BAO_0000190;BAO_0000219;cell-based format;COc1cc(N)c(Cl)cc1C(=O)NC1CCN(CCCOc2ccc(F)cc2)CC1OC;;;CHEMBL1152811;J Med Chem;2009.0;{'bei': '14.85', 'le': '0.30', 'lle': '3.56', 'sei': '8.04'};CHEMBL1729;CISAPRIDE;CHEMBL1729;6.92;0;http://www.openphacts.org/units/Nanomolar;732421;=;1;1;=;;IC50;nM;;120.0;CHEMBL240;Homo sapiens;Voltage-gated inwardly rectifying potassium channel KCNH2;9606;;;IC50;uM;UO_0000065;;0.12
;;2609319;[];CHEMBL1011677;Inhibition of human ERG S624A mutant expressed in HEK293 cells by whole cell patch clamp method;B;Q12809;S624A;BAO_0000190;BAO_0000219;cell-based format;Cc1cccc(CCN2CCC(C(=O)c3ccc(NS(C)(=O)=O)cc3)CC2)n1.Cl.Cl;;;CHEMBL1152811;J Med Chem;2009.0;{'bei': '15.34', 'le': '0.30', 'lle': '3.26', 'sei': '7.76'};CHEMBL536480;;CHEMBL327980;6.16;0;http://www.openphacts.org/units/Nanomolar;732423;=;1;1;=;;IC50;nM;;690.0;CHEMBL240;Homo sapiens;Voltage-gated inwardly rectifying potassium channel KCNH2;9606;;;IC50;uM;UO_0000065;;0.69
;;2609320;[];CHEMBL1011677;Inhibition of human ERG S624A mutant expressed in HEK293 cells by whole cell patch clamp method;B;Q12809;S624A;BAO_0000190;BAO_0000219;cell-based format;CC(C)(C)c1ccc(C(O)CCCN2CCC(C(O)(c3ccccc3)c3ccccc3)CC2)cc1;;;CHEMBL1152811;J Med Chem;2009.0;{'bei': '15.95', 'le': '0.29', 'lle': '1.07', 'sei': '17.21'};CHEMBL17157;TERFENADINE;CHEMBL17157;7.52;0;http://www.openphacts.org/units/Nanomolar;732422;=;1;1;=;;IC50;nM;;30.0;CHEMBL240;Homo sapiens;Voltage-gated inwardly rectifying potassium channel KCNH2;9606;;;IC50;uM;UO_0000065;;0.03
;;6332023;[];CHEMBL1820252;Inhibition of human ERG Y652A mutant channel expressed in CHO cells by whole-cell patch clamp technique;B;Q12809;Y652A;BAO_0000190;BAO_0000219;cell-based format;CCCCN1CCCCC1C(=O)Nc1c(C)cccc1C.Cl;;;CHEMBL1817657;Eur J Med Chem;2011.0;{'bei': '13.94', 'le': '0.26', 'lle': '0.12', 'sei': '12.44'};CHEMBL1200396;BUPIVACAINE HYDROCHLORIDE;CHEMBL1098;4.02;0;http://www.openphacts.org/units/Nanomolar;1451147;=;1;1;=;;IC50;nM;;95000.0;CHEMBL240;Homo sapiens;Voltage-gated inwardly rectifying potassium channel KCNH2;9606;;;IC50;uM;UO_0000065;;95.0
;;6332029;[];CHEMBL1820252;Inhibition of human ERG Y652A mutant channel expressed in CHO cells by whole-cell patch clamp technique;B;Q12809;Y652A;BAO_0000190;BAO_0000219;cell-based format;CCCCN1CCCC[C@H]1C(=O)Nc1c(C)cccc1C.Cl;;;CHEMBL1817657;Eur J Med Chem;2011.0;{'bei': '14.15', 'le': '0.27', 'lle': '0.18', 'sei': '12.62'};CHEMBL1200749;LEVOBUPIVACAINE HYDROCHLORIDE;CHEMBL1201193;4.08;0;http://www.openphacts.org/units/Nanomolar;1451145;=;1;1;=;;IC50;nM;;83000.0;CHEMBL240;Homo sapiens;Voltage-gated inwardly rectifying potassium channel KCNH2;9606;;;IC50;uM;UO_0000065;;83.0
;;13356454;[];CHEMBL2400452;Binding affinity to human ERG F656A tandem dimeric mutant expressed in HEK293 cells assessed as inhibition of tail current measured upon repolarization to -120 mV by patch clamp method;B;Q12809;F656A;BAO_0000190;BAO_0000219;cell-based format;C[C@@H]1CN(c2c(F)c(N)c3c(=O)c(C(=O)O)cn(C4CC4)c3c2F)C[C@H](C)N1;;;CHEMBL2396647;Bioorg Med Chem Lett;2013.0;{'bei': '11.40', 'le': '0.22', 'lle': '2.39', 'sei': '4.45'};CHEMBL850;SPARFLOXACIN;CHEMBL850;4.47;1;http://www.openphacts.org/units/Nanomolar;1901919;=;1;1;=;;IC50;nM;;33600.0;CHEMBL240;Homo sapiens;Voltage-gated inwardly rectifying potassium channel KCNH2;9606;;;IC50;uM;UO_0000065;;33.6
;;13356456;[];CHEMBL2400453;Binding affinity to human ERG S624A tetrameric mutant expressed in HEK293 cells assessed as inhibition of tail current measured upon repolarization to -40 mV by patch clamp method;B;Q12809;S624A;BAO_0000190;BAO_0000219;cell-based format;C[C@@H]1CN(c2c(F)c(N)c3c(=O)c(C(=O)O)cn(C4CC4)c3c2F)C[C@H](C)N1;;;CHEMBL2396647;Bioorg Med Chem Lett;2013.0;{'bei': '11.03', 'le': '0.21', 'lle': '2.25', 'sei': '4.30'};CHEMBL850;SPARFLOXACIN;CHEMBL850;4.33;0;http://www.openphacts.org/units/Nanomolar;1901919;=;1;1;=;;IC50;nM;;46900.0;CHEMBL240;Homo sapiens;Voltage-gated inwardly rectifying potassium channel KCNH2;9606;;;IC50;uM;UO_0000065;;46.9
